{
  "model": "mistral4",
  "status": "PASS",
  "device": "xpu",
  "baseline_shape": [
    1,
    16,
    1000
  ],
  "sqnr_db": 34.479034423828125,
  "cosine_similarity": 0.9998217821121216,
  "max_abs_error": 0.052734375,
  "mean_abs_error": 0.003810788271948695,
  "dispatch_count": 6,
  "expected_dispatches": 6,
  "dispatch_match": true,
  "elapsed_seconds": 0.28
}